Title,Authors,Year,Venue,DOI
How Does Data Access Shape Science? The Impact of Federal Statistical Research Data Centers on Economics Research,"Nagaraj, Tranchero",2023.0,N/A,https://doi.org/10.3386/w31372
Restricted‐Access Research Data Centers (NSF),,2020.0,Federal Grants &amp; Contracts,https://doi.org/10.1002/fgc.31156
BFS: Get Data from the Swiss Federal Statistical Office,Luginbuhl,2019.0,CRAN: Contributed Packages,https://doi.org/10.32614/cran.package.bfs
Federal Automotive Statistical Tool: FY 2022 Federal Fleet Trends and Data Quality [Slides],Stewart,2023.0,N/A,https://doi.org/10.2172/2299525
Data Editing in Federal Statistical Agencies.,Bolstein,1991.0,Journal of the American Statistical Association,https://doi.org/10.2307/2290618
Federal Automotive Statistical Tool: FY 2018 Federal Fleet Data Call [Slides],"Unknown, Stewart, Raczek",2018.0,N/A,https://doi.org/10.2172/1632343
"New Approaches to Confidentiality Protection: Synthetic Data, Remote Access and Research Data Centers","Abowd, Lane",2004.0,Lecture Notes in Computer Science,https://doi.org/10.1007/978-3-540-25955-8_22
Data Mining in Federal Agencies,"Banks, Olszewski",2003.0,Statistical Data Mining and Knowledge Discovery,https://doi.org/10.1201/9780203497159.ch32
More Hispanic Data Available from Federal Statistical Agencies,Unknown,2000.0,PsycEXTRA Dataset,https://doi.org/10.1037/e320312004-006
Federal Labs and Research Centers Benefiting California: 2017 Impact Report for State Leaders.,Koning,2017.0,N/A,https://doi.org/10.2172/1414894
Comprehensive Alcohol Research Centers (NIAAA),,2019.0,Federal Grants &amp; Contracts,https://doi.org/10.1002/fgc.30581
Specialized Alcohol Research Centers (NIAAA),,2023.0,Federal Grants &amp; Contracts,https://doi.org/10.1002/fgc.33104
Comprehensive Alcohol Research Centers (NIAA),,2022.0,Federal Grants &amp; Contracts,https://doi.org/10.1002/fgc.32363
Nutrition Obesity Research Centers (NIDDK),,2024.0,Federal Grants &amp; Contracts,https://doi.org/10.1002/fgc.33768
Federal Automotive Statistical Tool: FY 2022 Data Call Status &amp; Review Tools [Slides],"Kallaje, Stewart",2022.0,N/A,https://doi.org/10.2172/1901820
wiesbaden: Access Databases from the Federal Statistical Office of Germany,Marbach,2019.0,CRAN: Contributed Packages,https://doi.org/10.32614/cran.package.wiesbaden
Specialized Alcohol Research Centers (NIAAA),,2024.0,Federal Grants &amp; Contracts,https://doi.org/10.1002/fgc.33743
Automatic Data Processing Seminar for Federal Executives.,C.,1962.0,Journal of the American Statistical Association,https://doi.org/10.2307/2281853
Research Centers in Minority Institutions (NIMHD),,2023.0,Federal Grants &amp; Contracts,https://doi.org/10.1002/fgc.33346
Emerging Infectious Disease Research Centers (NIAID),,2019.0,Federal Grants &amp; Contracts,https://doi.org/10.1002/fgc.30400
Planning Grants for Engineering Research Centers (NSF),,2019.0,Federal Grants &amp; Contracts,https://doi.org/10.1002/fgc.30325
sdcLog: Tools for Statistical Disclosure Control in Research Data Centers,"Gomolka, Becker",2020.0,CRAN: Contributed Packages,https://doi.org/10.32614/cran.package.sdclog
Materials Research Science and Engineering Centers (NSF),,2021.0,Federal Grants &amp; Contracts,https://doi.org/10.1002/fgc.31972
Humanities Research Centers on Artificial Intelligence (NEH),,2024.0,Federal Grants &amp; Contracts,https://doi.org/10.1002/fgc.33942
Planning Grants for Engineering Research Centers (NSF),,2020.0,Federal Grants &amp; Contracts,https://doi.org/10.1002/fgc.31422
Practice‐Based Suicide Prevention Research Centers (NIMH),,2020.0,Federal Grants &amp; Contracts,https://doi.org/10.1002/fgc.31258
Humanities Research Centers on Artificial Intelligence (NEH),,2023.0,Federal Grants &amp; Contracts,https://doi.org/10.1002/fgc.33354
Military Cost Analysis in the FCRCs (Federal Contract Research Centers) - 1950-1975,McCullough,1975.0,N/A,https://doi.org/10.21236/ada019701
The Federal Data Base Finder.,"Kmenta, Zarozny, Horner",1985.0,Journal of the American Statistical Association,https://doi.org/10.2307/2288596
"Uniform Crime Reports, 1966-1976: Data Aggregated by Standard Metropolitan Statistical Areas",Unknown,1984.0,ICPSR Data Holdings,https://doi.org/10.3886/icpsr07743.v1
The Role of Telephone Data Collection in Federal Statistics.,Waksberg,1985.0,Journal of the American Statistical Association,https://doi.org/10.2307/2288597
Asthma and Allergic Diseases Cooperative Research Centers (NIAID),,2025.0,Federal Grants &amp; Contracts,https://doi.org/10.1002/fgc.34224
Making Federal Data More Useful and Accessible to Fuel Media and Democracy: A Report for the Federal Committee on Statistical Methodology,Wihbey,2014.0,SSRN Electronic Journal,https://doi.org/10.2139/ssrn.2567932
NICHD population dynamics centers research infrastructure program (NICHD),,2022.0,Federal Grants &amp; Contracts,https://doi.org/10.1002/fgc.32552
Centralized Internal Control of Data Collection by Federal Agencies,Crowder,1944.0,Journal of the American Statistical Association,https://doi.org/10.2307/2279946
Federal centers for research,"Hoock, Peterson",1976.0,Physics Today,https://doi.org/10.1063/1.3023346
The Early Detection Research Network—Clinical Validation Centers (NCI),,2022.0,Federal Grants &amp; Contracts,https://doi.org/10.1002/fgc.32527
International foreign language education—American Overseas Research Centers (ED),,2024.0,Federal Grants &amp; Contracts,https://doi.org/10.1002/fgc.33521
Spinal Cord Injury Model Systems National Data and Statistical Center (ACL),,2021.0,Federal Grants &amp; Contracts,https://doi.org/10.1002/fgc.31666
The research data centres of the Federal Statistical Office and the statistical offices of the Länder,"Zühlke, Zwick, Scharnhorst, Wende",2004.0,Journal of Contextual Economics – Schmollers Jahrbuch,https://doi.org/10.3790/schm.124.4.567
"1. BVerfGE 27, 1 - Microcensus - disclosure of personal data for statistical purposes (1969)",,2022.0,Decisions of the Federal Constitutional Court,https://doi.org/10.5771/9783748930006-23
Countermeasures Against Chemical Threats Research Centers of Excellence (NIH),,2021.0,Federal Grants &amp; Contracts,https://doi.org/10.1002/fgc.31553
Centers of Research Excellence in Science and Technology (NSF),,2023.0,Federal Grants &amp; Contracts,https://doi.org/10.1002/fgc.33086
Institute of Education Sciences: Education Research and Development Centers (ED),,2019.0,Federal Grants &amp; Contracts,https://doi.org/10.1002/fgc.30514
Senator Paul D. Wellstone Muscular Dystrophy Specialized Research Centers (NIH),,2023.0,Federal Grants &amp; Contracts,https://doi.org/10.1002/fgc.33322
STATISTICAL CHANNEL MODELS FOR MILLIMETER-WAVE WIRELESS DATA CENTERS,"Zaaimia, Touhami, Talbi, Nedil, Yagoub",2021.0,Progress In Electromagnetics Research M,https://doi.org/10.2528/pierm21042501
Special Education Parent Information Centers—Technical Assistance for Parent Centers (ED),,2023.0,Federal Grants &amp; Contracts,https://doi.org/10.1002/fgc.32827
Federally Funded Research and Development Centers,Link,2024.0,Federal Investments in Research and Development in the United States,https://doi.org/10.4337/9781035330638.00013
Trends in Automotive Battery Cell Design: A Statistical Analysis of Empirical Data,"Link, Neef, Wicke",2023.0,Batteries,https://doi.org/10.3390/batteries9050261
Immigration and Business Dynamics: Evidence from U.S. Firms,Mahajan,2024.0,Journal of the European Economic Association,https://doi.org/10.1093/jeea/jvae022
Statistical Discrepancies in Our Federal Data Programs,Mitchell,1995.0,Challenge,https://doi.org/10.1080/05775132.1995.11471839
Research outputs from Federally Funded Research and Development Centers,Link,2024.0,Federal Investments in Research and Development in the United States,https://doi.org/10.4337/9781035330638.00014
Research and Statistical Program of the Federal Emergency Relief Administration,Ross,1934.0,Journal of the American Statistical Association,https://doi.org/10.2307/2278065
US Federal Reserve Systems,Unknown,,Wolfram Research Data Repository,https://doi.org/10.24097/wolfram.00837.data
Numerical Data and Statistical Sources,Gardner,2018.0,Oxford Research Encyclopedia of African History,https://doi.org/10.1093/acrefore/9780190277734.013.366
OPTIMIZATION OF THE STRUCTURE OF STATISTICAL FORM No. 68 CHARACTERIZING THE ACTIVITIES OF HEALTH CENTERS OF SIBERIAN FEDERAL DISTRICT,"Kutumova, Rossieva",2017.0,Siberian Medical Journal,https://doi.org/10.29001/2073-8552-2017-32-3-100-103
Institute of Education Sciences: Statistical and Research Methodology in Research (ED),,2019.0,Federal Grants &amp; Contracts,https://doi.org/10.1002/fgc.30536
Revitalizing Federal Education Research and Development,Vinovskis,2001.0,N/A,https://doi.org/10.3998/mpub.17342
US Federal Outlays by Agency,Unknown,,Wolfram Research Data Repository,https://doi.org/10.24097/wolfram.67395.data
Lazy Data Practices Harm Fairness Research,"Simson, Fabris, Kern",2024.0,"The 2024 ACM Conference on Fairness, Accountability, and Transparency",https://doi.org/10.1145/3630106.3658931
"Comparison of satellite imagery based data, reanalysis data and statistical methods for mapping global solar radiation in the Lerma Valley (Salta, Argentina)","Ramirez Camargo, Dorner",2016.0,Renewable Energy,https://doi.org/10.1016/j.renene.2016.06.042
Appendix: General Statistical Data,,,Chinese Research Perspectives Online,https://doi.org/10.1163/2213-6002_crpn_c9789004156388_034
Quality of Service Trade-offs between Central Data Centers and Nano Data Centers,"Akhbar, Ovatman",2015.0,Proceedings of the 5th International Conference on Cloud Computing and Services Science,https://doi.org/10.5220/0005439101130118
Statistical Downscaling of Gridded Wind Speed Data Using Local Topography,"Winstral, Jonas, Helbig",2017.0,Journal of Hydrometeorology,https://doi.org/10.1175/jhm-d-16-0054.1
Federal Lands of the United States,Unknown,,Wolfram Research Data Repository,https://doi.org/10.24097/wolfram.45884.data
Analysis on G-Hadoop for Big Data Computing Across Distributed Cloud Data Centers,Pamarthi,2021.0,International Journal of Science and Research (IJSR),https://doi.org/10.21275/sr24724164434
Improving Data Quality Awareness in the United States Federal Statistical Agencies,Gonzalez,1994.0,The American Statistician,https://doi.org/10.2307/2685078
The Federal Role in Research Funding: Independents and/or Labs/Centers?,Scandura,1984.0,Educational Researcher,https://doi.org/10.2307/1174626
Statistical and Research Methodology in Education Grant Program (ED),,2020.0,Federal Grants &amp; Contracts,https://doi.org/10.1002/fgc.31013
Research and Statistical Program of the Federal Emergency Relief Administration,Ross,1934.0,Journal of the American Statistical Association,https://doi.org/10.1080/01621459.1934.10502720
"Federal Reserve Bank of Atlanta, Consumer Payments Research Data Reports",,,N/A,https://doi.org/10.29338/rdr
Geographic Information Systems Research and Data Centers,Abresch,,Building a Virtual Library,https://doi.org/10.4018/9781591401063.ch004
Collecting Statistical Data,Rayat,2018.0,Statistical Methods in Medical Research,https://doi.org/10.1007/978-981-13-0827-7_2
"Federal statistical directory: The guide to personnel and data sources,",Beasley,1988.0,Government Information Quarterly,https://doi.org/10.1016/0740-624x(88)90014-7
Federal statistical directory: The guide to personnel and data sources,Beasley,1989.0,Government Information Quarterly,https://doi.org/10.1016/0740-624x(89)90056-7
Data Management: State-of-the-Practice at Open-Science Data Centers,Arora,2015.0,Handbook on Data Centers,https://doi.org/10.1007/978-1-4939-2092-1_37
Federal Statistical Confidentiality and Business Data: Twentieth Century Challenges and Continuing Issues,"Anderson, Seltzer",2009.0,Journal of Privacy and Confidentiality,https://doi.org/10.29012/jpc.v1i1.563
Data Trustees – They Do Work! The Example of Research Data Centers,"Fuß, Laible",2023.0,Proceedings of the Conference on Research Data Infrastructure,https://doi.org/10.52825/cordi.v1i.241
A Critical Analysis of Enhanced Virtual Machine Selection and Planning Using Statistical Approaches in Cloud Data Centers,"Durairaj, Sridhar",2024.0,Cloud of Things,https://doi.org/10.1201/9781003390954-3
Characterization of task allocation techniques in data centers based on information theory,"Lima, Aquino, Rosso, Curado",2024.0,Physica A: Statistical Mechanics and its Applications,https://doi.org/10.1016/j.physa.2023.129447
Centers for Medicare and Medicaid Services,,2024.0,Federal Regulatory Guide,https://doi.org/10.4135/9781071920541.n81
Systems in Data Centers,,2019.0,Energy‐Efficient Computing and Data Centers,https://doi.org/10.1002/9781119422037.ch1
Software Monitoring in Data Centers,"Wu, Guo",2015.0,Handbook on Data Centers,https://doi.org/10.1007/978-1-4939-2092-1_42
Statistical variational data assimilation,"Benaceur, Verfürth",2024.0,Computer Methods in Applied Mechanics and Engineering,https://doi.org/10.1016/j.cma.2024.117402
Geographic Information Systems Research and Data Centers,Abresch,2003.0,Building a Virtual Library,https://doi.org/10.4018/978-1-59140-106-3.ch004
Network Virtualization in Data Centers: A Data Plane Perspective,"Jiang, Prasanna",2015.0,Handbook on Data Centers,https://doi.org/10.1007/978-1-4939-2092-1_10
High-performance data centers: A research roadmap,"Tschudi, Xu, Sartor, Stein",2004.0,N/A,https://doi.org/10.2172/838173
How the implementation of new network technologies influenced the changes of e-government federal data centers,Urbanczyk,2013.0,PROCEEDINGS OF 2013 International Conference on Sensor Network Security Technology and Privacy Communication System,https://doi.org/10.1109/sns-pcs.2013.6553834
Climate Data Centers,,,SpringerReference,https://doi.org/10.1007/springerreference_28886
"The Federal Statistical System's Response to Emerging Data Needs1,2",Triplett,1991.0,Journal of Economic and Social Measurement,https://doi.org/10.3233/jem-1991-173-403
The Role of Federal Research Centers in Implementing the Strategic Priorities of Scientific and Technological Development of Russia,Samarin,2022.0,KnE Social Sciences,https://doi.org/10.18502/kss.v7i3.10447
Institute of Education Sciences—Statistical and Research Methodology in Education (ED),,2021.0,Federal Grants &amp; Contracts,https://doi.org/10.1002/fgc.31806
"Structures, Functions, and Processes of Centers of Excellence: An Analysis of Federal Programs",,2024.0,N/A,https://doi.org/10.7249/rra2304-1
Tandem Outlier Detectors for Decentralized Data,"Heyden, Wilwer, Fouché, Thoma, Matthiesen, Gwosch",2022.0,34th International Conference on Scientific and Statistical Database Management,https://doi.org/10.1145/3538712.3538748
Renewable Energy Integration in Cloud Data Centers,"Vaishnawi, J",2024.0,International Journal of Research Publication and Reviews,https://doi.org/10.55248/gengpi.5.0324.0737
Physics Frontiers Centers (NSF),,2019.0,Federal Grants &amp; Contracts,https://doi.org/10.1002/fgc.30431
Comprehensive Centers Program (ED),,2019.0,Federal Grants &amp; Contracts,https://doi.org/10.1002/fgc.30376
"Skilled Immigration, R&amp;D Concentration, and Industry Consolidation","Aggarwal, Baxamusa",2024.0,The Review of Corporate Finance Studies,https://doi.org/10.1093/rcfs/cfae003
Research on the dynamics of beam structures,"Unknown, Velikanov, Unknown, Artyukhin",2023.0,Ecological Bulletin of Research Centers of the Black Sea Economic Cooperation,https://doi.org/10.31429/vestnik-20-4-11-24
Effective Air Distribution in Data Centers,"Wu, Buyya",2015.0,Cloud Data Centers and Cost Modeling,https://doi.org/10.1016/b978-0-12-801413-4.00008-8
A Statistical Approach to Real-Time Updating and Automatic Scheduling of Physical Models,"Jiang, Deng, Lopez, Hamann",2013.0,Volume 2: Thermal Management; Data Centers and Energy Efficient Electronic Systems,https://doi.org/10.1115/ipack2013-73042
The Nation’s Data at Risk: The First Annual Report on the Federal Statistical System,"Auerbach, McKay Bowen, Citro, Pierson, Seeskin",2025.0,Harvard Data Science Review,https://doi.org/10.1162/99608f92.ca01ab52
Water Saving In Geo-Distributed Data Centers Using Markov Decision Process,,2017.0,International Journal of Recent Trends in Engineering and Research,https://doi.org/10.23883/ijrter.2017.3177.hfft8
"Federal Statistical Systems as Data Sources for Intelligence, Investigative, or Prosecutorial Work","Anderson, Seltzer",2008.0,Encyclopedia of Quantitative Risk Analysis and Assessment,https://doi.org/10.1002/9780470061596.risk0721
Western and Territorial Research Opportunities in Trans-Mississippi Federal Records Centers,"Tutorow, Abel",1971.0,Pacific Historical Review,https://doi.org/10.2307/3637707
Centers for Chemical Innovation (NSF),,2020.0,Federal Grants &amp; Contracts,https://doi.org/10.1002/fgc.31106
Equity Assistance Centers Program (ED),,2022.0,Federal Grants &amp; Contracts,https://doi.org/10.1002/fgc.32234
Cyberinfrastructure Centers of Excellence (NSF),,2019.0,Federal Grants &amp; Contracts,https://doi.org/10.1002/fgc.30751
Centers for Chemical Innovation (NSF),,2022.0,Federal Grants &amp; Contracts,https://doi.org/10.1002/fgc.32403
Data Centers Sustainability: Approaches to Green Data Centers,"Fatima, Ehsan",2023.0,2023 International Conference on Communication Technologies (ComTech),https://doi.org/10.1109/comtech57708.2023.10165494
Statistical precipitation bias correction of gridded model data using point measurements,"Haerter, Eggert, Moseley, Piani, Berg",2015.0,Geophysical Research Letters,https://doi.org/10.1002/2015gl063188
Principles and Practices for a Federal Statistical Agency,,1992.0,N/A,https://doi.org/10.17226/9043
Federal Energy Centers,Clark,1976.0,Science News,https://doi.org/10.2307/3961003
Statistical Analysis Centers (SACS),,2002.0,The Concise Dictionary of Crime and Justice,https://doi.org/10.4135/9781452229300.n1798
Reviving the Federal Statistical System: International Aspects,Lipsey,1990.0,N/A,https://doi.org/10.3386/w3240
[Improving the Federal Statistical System: Report of the President's Reorganization Project for the Federal Statistical System]: Comment,Taeuber,1981.0,The American Statistician,https://doi.org/10.2307/2683288
A Round Table Discussion of Federal Statistics: The Federal Census,Rossiter,1919.0,Publications of the American Statistical Association,https://doi.org/10.2307/2965005
The Federal statistical directory: A guide to personnel and data sources,"Peek, Hagerty-Roach",1989.0,Government Information Quarterly,https://doi.org/10.1016/0740-624x(89)90062-2
Federal statistical data bases: A comprehensive catalog of current machine-readable and online files,Watson,1989.0,Government Publications Review,https://doi.org/10.1016/0277-9390(89)90030-7
$68M for environmental finance centers available,,2022.0,Federal Grants &amp; Contracts,https://doi.org/10.1002/fgc.32341
N/A,,2023.0,"Federal Reserve Bank of Atlanta, Consumer Payments Research Data Reports",https://doi.org/10.29338/rdr2023-01
N/A,,2020.0,"Federal Reserve Bank of Atlanta, Consumer Payments Research Data Reports",https://doi.org/10.29338/rdr2020-01
Ocean and Coastal Mapping Centers (DOC),,2020.0,Federal Grants &amp; Contracts,https://doi.org/10.1002/fgc.31018
N/A,,2023.0,"Federal Reserve Bank of Atlanta, Consumer Payments Research Data Reports",https://doi.org/10.29338/rdr2023-03
N/A,,2024.0,"Federal Reserve Bank of Atlanta, Consumer Payments Research Data Reports",https://doi.org/10.29338/rdr2024-02
Autism Centers of Excellence—Networks (NIH),,2021.0,Federal Grants &amp; Contracts,https://doi.org/10.1002/fgc.31960
THE EXPERIENCE OF STATISTICAL SERVICES AND INTERNATIONAL ORGANIZATIONS IN USING DATA VISUALIZATION TOOLS,"Unknown, Davletshina, Dolgikh, Unknown",2024.0,"EKONOMIKA I UPRAVLENIE: PROBLEMY, RESHENIYA",https://doi.org/10.36871/ek.up.p.r.2024.10.02.009
Special Education Parent Information Centers (ED),,2025.0,Federal Grants &amp; Contracts,https://doi.org/10.1002/fgc.34114
N/A,,2022.0,"Federal Reserve Bank of Atlanta, Consumer Payments Research Data Reports",https://doi.org/10.29338/rdr2022-01
Data on Federal Research and Development Investments,,2010.0,N/A,https://doi.org/10.17226/12772
N/A,,2021.0,"Federal Reserve Bank of Atlanta, Consumer Payments Research Data Reports",https://doi.org/10.29338/rdr2021-01
N/A,,2020.0,"Federal Reserve Bank of Atlanta, Consumer Payments Research Data Reports",https://doi.org/10.29338/rdr2020-03
N/A,,2023.0,"Federal Reserve Bank of Atlanta, Consumer Payments Research Data Reports",https://doi.org/10.29338/rdr2023-02
N/A,,2024.0,"Federal Reserve Bank of Atlanta, Consumer Payments Research Data Reports",https://doi.org/10.29338/rdr2024-03
N/A,,2022.0,"Federal Reserve Bank of Atlanta, Consumer Payments Research Data Reports",https://doi.org/10.29338/rdr2022-02
N/A,,2024.0,"Federal Reserve Bank of Atlanta, Consumer Payments Research Data Reports",https://doi.org/10.29338/rdr2024-01
Data Mining Research: Current Status and Future Opportunities,Hirsh,2008.0,Statistical Analysis and Data Mining: The ASA Data Science Journal,https://doi.org/10.1002/sam.10003
Evaluating Data Fusion Methods to Improve Income Modeling,"Emmenegger, Münnich, Schaller",2023.0,Journal of Survey Statistics and Methodology,https://doi.org/10.1093/jssam/smac033
[Improving the Federal Statistical System: Report of the President's Reorganization Project for the Federal Statistical System]: Comment,Martin,1981.0,The American Statistician,https://doi.org/10.2307/2683287
Multiperil Rate Making for Property Insurance Using Longitudinal Data,"Yang, Shi",2018.0,Journal of the Royal Statistical Society Series A: Statistics in Society,https://doi.org/10.1111/rssa.12419
restatis: R Wrapper to Access a Wide Range of Germany's Federal Statistical System Databases Based on the GENESIS Web Service RESTful API of the German Federal Statistical Office (Statistisches Bundesamt/Destatis),"Buhl, Kovacevic, Le Jeune, Nguyen, Ritter",2023.0,CRAN: Contributed Packages,https://doi.org/10.32614/cran.package.restatis
[Improving the Federal Statistical System: Report of the President's Reorganization Project for the Federal Statistical System]: Comment,Moses,1981.0,The American Statistician,https://doi.org/10.2307/2683289
[Improving the Federal Statistical System: Report of the President's Reorganization Project for the Federal Statistical System]: Comment,Duncan,1981.0,The American Statistician,https://doi.org/10.2307/2683291
Basic Statistical Concepts,,2009.0,Statistical Methods for Practice and Research: A Guide to Data Analysis Using SPSS,https://doi.org/10.4135/9788132108306.n2
[Improving the Federal Statistical System: Report of the President's Reorganization Project for the Federal Statistical System]: Comment,Bonnen,1981.0,The American Statistician,https://doi.org/10.2307/2683290
R3: A Hybrid Network Topology for Data Centers,Guo,2022.0,Data Center Networking,https://doi.org/10.1007/978-981-16-9368-7_5
Improving Data Quality Awareness in the United States Federal Statistical Agencies,González,1994.0,The American Statistician,https://doi.org/10.1080/00031305.1994.10476011
Ideal Architecture for Security Operation Center Complementing Data Centers: An Overview,"Srivastava, Nagpal",2021.0,International Journal of Science and Research (IJSR),https://doi.org/10.21275/sr211130123410
Centers for Independent Living Competition—Guam (ACL),,2020.0,Federal Grants &amp; Contracts,https://doi.org/10.1002/fgc.31062
Centers for Medicare and Medicaid Services (CMS),,2022.0,Federal Grants &amp; Contracts,https://doi.org/10.1002/fgc.32654
Science and Technology Centers—Integrative Partnerships (NSF),,2021.0,Federal Grants &amp; Contracts,https://doi.org/10.1002/fgc.32052
Key requirements for optical interconnects within data centers,"Duranton, Dutoit, Menezo",2017.0,Optical Interconnects for Data Centers,https://doi.org/10.1016/b978-0-08-100512-5.00003-6
Dependability-Oriented Resource Management Schemes for Cloud Computing Data Centers,"Jhawar, Piuri",2015.0,Handbook on Data Centers,https://doi.org/10.1007/978-1-4939-2092-1_45
Sustainable and Resilient Network Infrastructure Design for Cloud Data Centers,"Qi, Liu, Gutierrez, Narang",2017.0,Service Science: Research and Innovations in the Service Economy,https://doi.org/10.1007/978-3-319-65082-1_11
Federal statistical data bases: a comprehensive catalog of current machine-readable and online files,,1988.0,Choice Reviews Online,https://doi.org/10.5860/choice.26-0678
Scalable three-dimensional optical interconnects for data centers,"Morris, Kodi, Louri",2017.0,Optical Interconnects for Data Centers,https://doi.org/10.1016/b978-0-08-100512-5.00009-7
Science and Technology Centers—Integrative Partnerships (NSF),,2019.0,Federal Grants &amp; Contracts,https://doi.org/10.1002/fgc.30350
New Statistical Methods Inspired by Data Collected from Alcohol and Substance Abuse Research,"Buu, Li",2018.0,Oxford Scholarship Online,https://doi.org/10.1093/oso/9780190676001.003.0021
The Federal Role in Research Funding: Independents and/or Labs/Centers?,Scandura,1984.0,Educational Researcher,https://doi.org/10.3102/0013189x013001024
"Federal Court Cases: Integrated Data Base, 2006",Unknown,2007.0,ICPSR Data Holdings,https://doi.org/10.3886/icpsr04685.v3
"Federal Court Cases: Integrated Data Base, 2008",Unknown,2009.0,ICPSR Data Holdings,https://doi.org/10.3886/icpsr25002.v3
"Federal Court Cases: Integrated Data Base, 2010",Unknown,2011.0,ICPSR Data Holdings,https://doi.org/10.3886/icpsr30401.v2
"Federal Court Cases: Integrated Data Base, 2004",Unknown,2005.0,ICPSR Data Holdings,https://doi.org/10.3886/icpsr04348.v2
"Federal Court Cases: Integrated Data Base, 2005",Unknown,2006.0,ICPSR Data Holdings,https://doi.org/10.3886/icpsr04382
Centers of Excellence at 1890 Institutions (USDA),,2020.0,Federal Grants &amp; Contracts,https://doi.org/10.1002/fgc.31304
Science and Technology Centers—Integrative Partnerships (NSF),,2024.0,Federal Grants &amp; Contracts,https://doi.org/10.1002/fgc.33892
Family‐to‐Family Health Information Centers (HRSA),,2021.0,Federal Grants &amp; Contracts,https://doi.org/10.1002/fgc.32009
The Federal Funds Market: A Study by a Federal Reserve System Committee.,Zorn,1960.0,Journal of the American Statistical Association,https://doi.org/10.2307/2281934
"Federal Court Cases: Integrated Data Base, 2004",Unknown,2005.0,ICPSR Data Holdings,https://doi.org/10.3886/icpsr04348
"Federal Court Cases: Integrated Data Base, 2009",Unknown,2011.0,ICPSR Data Holdings,https://doi.org/10.3886/icpsr29661.v1
"Federal Court Cases: Integrated Data Base, 2011",Unknown,2012.0,ICPSR Data Holdings,https://doi.org/10.3886/icpsr33622
"Federal Court Cases: Integrated Data Base, 2002",Unknown,2004.0,ICPSR Data Holdings,https://doi.org/10.3886/icpsr04059
"Federal Court Cases: Integrated Data Base, 2010",Unknown,2011.0,ICPSR Data Holdings,https://doi.org/10.3886/icpsr30401
"Federal Court Cases: Integrated Data Base, 2011",Unknown,2012.0,ICPSR Data Holdings,https://doi.org/10.3886/icpsr33622.v2
Summary Report of SDM 2008 Panel: Perspectives on Research Directions and Trends for the Data Mining Research Community,Kumar,2008.0,Statistical Analysis and Data Mining: The ASA Data Science Journal,https://doi.org/10.1002/sam.10011
N/A,,2019.0,N/A,https://doi.org/10.3030/862528
Investigating the Environmental Sustainability of Data Centers,Virmani,2025.0,The American Journal of Student Research,https://doi.org/10.70251/hyjr2348.311018
"Federal Court Cases: Integrated Data Base, 2001",Unknown,2002.0,ICPSR Data Holdings,https://doi.org/10.3886/icpsr03415.v3
"Federal Court Cases: Integrated Data Base, 2009",Unknown,2011.0,ICPSR Data Holdings,https://doi.org/10.3886/icpsr29661
"Federal Court Cases: Integrated Data Base, 2008",Unknown,2009.0,ICPSR Data Holdings,https://doi.org/10.3886/icpsr25002.v4
HCN: A Server-Centric Network Topology for Data Centers,Guo,2022.0,Data Center Networking,https://doi.org/10.1007/978-981-16-9368-7_3
"Federal Court Cases: Integrated Data Base, 2005",Unknown,2006.0,ICPSR Data Holdings,https://doi.org/10.3886/icpsr04382.v2
"Federal Court Cases: Integrated Data Base, 2006",Unknown,2007.0,ICPSR Data Holdings,https://doi.org/10.3886/icpsr04685.v2
"Federal Court Cases: Integrated Data Base, 2005",Unknown,2006.0,ICPSR Data Holdings,https://doi.org/10.3886/icpsr04382.v3
"Federal Court Cases: Integrated Data Base, 2011",Unknown,2012.0,ICPSR Data Holdings,https://doi.org/10.3886/icpsr33622.v1
"Federal Court Cases: Integrated Data Base, 2008",Unknown,2009.0,ICPSR Data Holdings,https://doi.org/10.3886/icpsr25002.v5
"Federal Court Cases: Integrated Data Base, 2009",Unknown,2011.0,ICPSR Data Holdings,https://doi.org/10.3886/icpsr29661.v2
"Federal Court Cases: Integrated Data Base, 2006",Unknown,2007.0,ICPSR Data Holdings,https://doi.org/10.3886/icpsr04685
Networking Content-Rich Data Centers,Lee,2010.0,"Integrated Photonics Research, Silicon and Nanophotonics and Photonics in Switching",https://doi.org/10.1364/ps.2010.pmb4
"Federal Court Cases: Integrated Data Base, 2003",Unknown,2004.0,ICPSR Data Holdings,https://doi.org/10.3886/icpsr04026
"Federal Court Cases: Integrated Data Base, 2001",Unknown,2002.0,ICPSR Data Holdings,https://doi.org/10.3886/icpsr03415
"Federal Court Cases: Integrated Data Base, 2009",Unknown,2011.0,ICPSR Data Holdings,https://doi.org/10.3886/icpsr29661.v3
"Federal Court Cases: Integrated Data Base, 2005",Unknown,2006.0,ICPSR Data Holdings,https://doi.org/10.3886/icpsr04382.v1
"Federal Court Cases: Integrated Data Base, 2002",Unknown,2004.0,ICPSR Data Holdings,https://doi.org/10.3886/icpsr04059.v3
"Federal Court Cases: Integrated Data Base Appellate and Civil Pending Data, 2011",Unknown,2010.0,ICPSR Data Holdings,https://doi.org/10.3886/icpsr29281.v2
Statistical Models in Data Mining: A Bayesian Classification,,2018.0,International Journal of Recent Trends in Engineering and Research,https://doi.org/10.23883/ijrter.conf.20171201.059.c8rz1
The ATMODAT Standard enhances FAIRness of Atmospheric Model data,"Heydebreck, Kaiser, Ganske, Kraft, Schluenzen, Voss",2020.0,N/A,https://doi.org/10.1002/essoar.10504946.1
The Federal Death Penalty System: A Statistical Survey (1988––2000),,2001.0,Federal Sentencing Reporter,https://doi.org/10.1525/fsr.2001.14.1.35
Towards predictive maintenance of hydrogen pressure vessels based on multi-sensor data,"Unknown, Karapanagiotis, Unknown, Heimann, Unknown, Duffner, Unknown, Charmi, Unknown, Schukar, Unknown, Hashemi, Unknown, Prager",2024.0,Research and Review Journal of Nondestructive Testing,https://doi.org/10.58286/30513
N/A,,2019.0,N/A,https://doi.org/10.35802/215408
Effects of Optical Intra-gap Transitions on Superexchange Interaction in La2CuO4 with Nonequilibrium Photoexcited Centers,"Unknown, Semen I., Vladimir A., Unknown, Sergey G., Unknown",2018.0,Journal of  Siberian Federal University. Mathematics &amp; Physics,https://doi.org/10.17516/1997-1397-2018-11-2-159-170
Data and research in the era of artificial intelligence and advanced data science (NSF),,2020.0,Federal Grants &amp; Contracts,https://doi.org/10.1002/fgc.31450
Spectral and conductive characteristics of fullerene-based thin-film structures,"Mazinov, Unknown, Gurchenko, Shevchenko, Arutinov, Tyutyunik, Unknown, Unknown, Unknown, Unknown",2019.0,Ecological Bulletin of Research Centers of the Black Sea Economic Cooperation,https://doi.org/10.31429/vestnik-16-2-48-58
EASYDAB (Earth System Data Branding): Enhancing the Findability and the Reuse of  FAIR and Open Data,"Ganske, Heil, Lammert, Thiemann",2022.0,N/A,https://doi.org/10.1002/essoar.10509983.1
Centers of Excellence for Total Worker Health (NIOSH),,2020.0,Federal Grants &amp; Contracts,https://doi.org/10.1002/fgc.31308
Claude D. Pepper Older Americans Independence Centers (NIA),,2019.0,Federal Grants &amp; Contracts,https://doi.org/10.1002/fgc.30505
Photonics in Data Centers,"Ben Yoo, Proietti, Grani",2017.0,Optical Switching in Next Generation Data Centers,https://doi.org/10.1007/978-3-319-61052-8_1
Statistical static capacity management in virtualized data centers supporting fine grained QoS specification,"Hoyer, Schröder, Nebel",2010.0,Proceedings of the 1st International Conference on Energy-Efficient Computing and Networking,https://doi.org/10.1145/1791314.1791322
Understanding Federal STEM Education Initiatives,"Centers, Balazs, Ogunyale",,2024 ASEE Annual Conference &amp; Exposition Proceedings,https://doi.org/10.18260/1-2--48191
"Guidance: Requirements for Installing Renewable Fuel Pumps at Federal Fleet Fueling Centers under EISA Section 246: Federal Fleet Program, Federal Energy Management Program, U.S. Department of Energy, March 2011",Unknown,2011.0,N/A,https://doi.org/10.2172/1009287
Next Generation Chemistry Centers for Fusion Oncoproteins (NCI),,2023.0,Federal Grants &amp; Contracts,https://doi.org/10.1002/fgc.33184
Growth Centers and the Areas of Severe Distress,,2015.0,Regional Economic Development,https://doi.org/10.4324/9781315671680-10
VLCcube: A Network Topology for VLC Enabled Wireless Data Centers,Guo,2022.0,Data Center Networking,https://doi.org/10.1007/978-981-16-9368-7_6
"Federal Court Cases: Integrated Data Base, 1970-2000",Unknown,1990.0,ICPSR Data Holdings,https://doi.org/10.3886/icpsr08429
Augustus F. Hawkins Centers of Excellence Program (ED),,2024.0,Federal Grants &amp; Contracts,https://doi.org/10.1002/fgc.33661
Centers for Independent Living Competition—North Carolina (ACL),,2020.0,Federal Grants &amp; Contracts,https://doi.org/10.1002/fgc.31063
Claude D. Pepper Older Americans Independence Centers (NIA),,2022.0,Federal Grants &amp; Contracts,https://doi.org/10.1002/fgc.32499
Claude D. Pepper Older Americans Independence Centers (NIA),,2024.0,Federal Grants &amp; Contracts,https://doi.org/10.1002/fgc.33849
DCube: A Family of Network Topologies for Containerized Data Centers,Guo,2022.0,Data Center Networking,https://doi.org/10.1007/978-981-16-9368-7_4
Federal Institutes and The Robert Wood Johnson Foundation Create Tobacco Use Research Centers,Unknown,1999.0,PsycEXTRA Dataset,https://doi.org/10.1037/e311302004-001
"Big Data Research and Development Initiative (Federal, U.S.)","Zhao, Iacono",2018.0,Encyclopedia of Big Data,https://doi.org/10.1007/978-3-319-32001-4_241-1
A Practical Use Case: Lesson Learned From Social Science Research Data Centers,"Bender, Blaschke, Hirsch",2024.0,Harvard Data Science Review,https://doi.org/10.1162/99608f92.8a2f4507
"Federal Court Cases: Integrated Data Base, 1970-2000",Unknown,1990.0,ICPSR Data Holdings,https://doi.org/10.3886/icpsr08429.v7
DIGITALIZATION OF PROVIDING STATISTICAL DATA ABOUT ANIMALS BASED ON THE REGAGRO SOFTWARE PACKAGE,"Unknown, Bogomolova",2020.0,AZIMUTH OF SCIENTIFIC RESEARCH: ECONOMICS AND ADMINISTRATION,https://doi.org/10.26140/anie-2020-0902-0018
Statistical Analysis of Cancer Data,"N Prasad, Kumar Diwakar",2022.0,International Journal of Science and Research (IJSR),https://doi.org/10.21275/sr22819190317
Virtual Machine Migration in Cloud Data Centers for Resource management,"Unknown, Reddy",2016.0,International Journal Of Engineering And Computer Science,https://doi.org/10.18535/ijecs/v5i9.41
Using Dashboards to Reach Acceptable Risk in Statistics Data Centers Through Risk Assessment and Impact,"Amin, Valverde",2017.0,Service Science: Research and Innovations in the Service Economy,https://doi.org/10.1007/978-3-319-65082-1_3
Delay Predictors in Multi-skill Call Centers: An Empirical Comparison with Real Data,"Thiongane, Chan, L’Ecuyer",2020.0,Proceedings of the 9th International Conference on Operations Research and Enterprise Systems,https://doi.org/10.5220/0009181401000108
Towards predictive maintenance of hydrogen pressure vessels based on multi-sensor data fusion and digital twin modeling,"Unknown, Karapanagiotis, Unknown, Heimann, Unknown, Duffner, Unknown, Charmi, Unknown, Schukar, Unknown, Hashemi, Unknown, Prager",2024.0,N/A,https://doi.org/10.58286/29702
"Big Data Research and Development Initiative (Federal, U.S.)","Zhao, Iacono",2022.0,Encyclopedia of Big Data,https://doi.org/10.1007/978-3-319-32010-6_241
A Novel VM Allocation Method for Dedicated Servers in Large Scaled Data Centers,Bala,2017.0,International Journal of Scientific Engineering and Research,https://doi.org/10.70729/ijser171720
Health Services Data: The Centers for Medicare and Medicaid Services (CMS) Claims Records,Mullner,2015.0,Data and Measures in Health Services Research,https://doi.org/10.1007/978-1-4899-7673-4_5-1
N/A,,,N/A,https://doi.org/10.1117/12.2250637.5387787080001
Productivity Measurement and Analysis,"Unknown, Unknown",2009.0,N/A,https://doi.org/10.1787/9789264044616-en
AquaTech Innovations: Advancing Sustainability with Underwater Data Centers,Krishna Pasupuleti,2024.0,Blue Tech Revolution: Sustainable Underwater Data Centers for a Cooler Planet,https://doi.org/10.62311/nesx/7295
World IGY data centers,Unknown,1957.0,Journal of Geophysical Research,https://doi.org/10.1029/jz062i004p00647-02
A Rapid Statistical Data Processing System for Radio Propagation Research,CHARP,1960.0,Statistical Methods in Radio Wave Propagation,https://doi.org/10.1016/b978-0-08-009306-2.50027-3
ggswissmaps: Offers Various Swiss Maps as Data Frames and 'ggplot2' Objects,"Petrillo Burri, Stephani",2014.0,CRAN: Contributed Packages,https://doi.org/10.32614/cran.package.ggswissmaps
Geographic Information Systems Research and Data Centers,Abresch,,Online and Distance Learning,https://doi.org/10.4018/978-1-59904-935-9.ch136
Monitoring and Controlling Power and Performance of Servers and Data Centers,,2019.0,Energy‐Efficient Computing and Data Centers,https://doi.org/10.1002/9781119422037.ch6
Real Science,Spadaccini,2005.0,E-Learning and Virtual Science Centers,https://doi.org/10.4018/978-1-59140-591-7.ch020
Pathophysiology of youth‐onset Type 2 Diabetes—Centers (NIDDK),,2021.0,Federal Grants &amp; Contracts,https://doi.org/10.1002/fgc.31881
Centers of Excellence for Veteran Student Success Program (ED),,2022.0,Federal Grants &amp; Contracts,https://doi.org/10.1002/fgc.32370
The Role of Technology Centers as Intermediary Organizations Facilitating Links for Innovation: Four Cases of Federal Technology Centers in Mexico,Stezano,2018.0,Review of Policy Research,https://doi.org/10.1111/ropr.12293
Statistical Learning in Precision Medicine,"Srinivasan Perumbakkam, Kohl",2018.0,Precision Medicine,https://doi.org/10.1016/b978-0-12-805364-5.00003-2
"Federal Court Cases: Integrated Data Base Bankruptcy Petitions, 1998",Unknown,2004.0,ICPSR Data Holdings,https://doi.org/10.3886/icpsr04086.v1
"Federal Court Cases: Integrated Data Base Bankruptcy Petitions, 2003",Unknown,2005.0,ICPSR Data Holdings,https://doi.org/10.3886/icpsr04252.v1
"Federal Court Cases: Integrated Data Base Bankruptcy Petitions, 2006",Unknown,2008.0,ICPSR Data Holdings,https://doi.org/10.3886/icpsr23081.v2
"Federal Court Cases: Integrated Data Base Bankruptcy Petitions, 1995",Unknown,2005.0,ICPSR Data Holdings,https://doi.org/10.3886/icpsr04304.v1
"Federal Court Cases: Integrated Data Base Bankruptcy Petitions, 2007",Unknown,2008.0,ICPSR Data Holdings,https://doi.org/10.3886/icpsr23082.v2
"Federal Court Cases: Integrated Data Base Bankruptcy Petitions, 1994",Unknown,2005.0,ICPSR Data Holdings,https://doi.org/10.3886/icpsr04303.v1
Cancer Prevention‐Interception Targeted Agent Discovery Program Centers (NCI),,2022.0,Federal Grants &amp; Contracts,https://doi.org/10.1002/fgc.32632
"National Child Traumatic Stress Initiative—treatment, service centers (SAMHSA)",,2019.0,Federal Grants &amp; Contracts,https://doi.org/10.1002/fgc.30740
"Federal Court Cases: Integrated Data Base Bankruptcy Petitions, 2001",Unknown,2005.0,ICPSR Data Holdings,https://doi.org/10.3886/icpsr04250
"Federal Court Cases: Integrated Data Base Bankruptcy Petitions, 2002",Unknown,2005.0,ICPSR Data Holdings,https://doi.org/10.3886/icpsr04251
"Federal Court Cases: Integrated Data Base Bankruptcy Petitions, 1995",Unknown,2005.0,ICPSR Data Holdings,https://doi.org/10.3886/icpsr04304
International Foreign Language Education—National Resource Centers Program (ED),,2021.0,Federal Grants &amp; Contracts,https://doi.org/10.1002/fgc.32128
Environmental Justice Thriving Communities Technical Assistance Centers Program (EPA),,2023.0,Federal Grants &amp; Contracts,https://doi.org/10.1002/fgc.33177
"Federal Court Cases: Integrated Data Base Bankruptcy Petitions, 2000",Unknown,2005.0,ICPSR Data Holdings,https://doi.org/10.3886/icpsr04249
"Federal Court Cases: Integrated Data Base Bankruptcy Petitions, 2007",Unknown,2008.0,ICPSR Data Holdings,https://doi.org/10.3886/icpsr23082
Environmental Justice Thriving Communities Technical Assistance Centers Program (EPA),,2023.0,Federal Grants &amp; Contracts,https://doi.org/10.1002/fgc.33208
Accessibility Study for bi‐national centers in Argentina (DOS),,2024.0,Federal Grants &amp; Contracts,https://doi.org/10.1002/fgc.34014
NDT Data-Supported Structural Reassessments based on Regression Relations in Measuring Data Analysis,"Unknown, Bahrami Eskandari, Unknown, Küttenbaum",2024.0,e-Journal of Nondestructive Testing,https://doi.org/10.58286/29714
"Federal Court Cases: Integrated Data Base Bankruptcy Petitions, 1997",Unknown,2005.0,ICPSR Data Holdings,https://doi.org/10.3886/icpsr04306
"Federal Court Cases: Integrated Data Base Bankruptcy Petitions, 2006",Unknown,2008.0,ICPSR Data Holdings,https://doi.org/10.3886/icpsr23081
"Federal Court Cases: Integrated Data Base Bankruptcy Petitions, 2001",Unknown,2005.0,ICPSR Data Holdings,https://doi.org/10.3886/icpsr04250.v1
"Federal Court Cases: Integrated Data Base Bankruptcy Petitions, 1997",Unknown,2005.0,ICPSR Data Holdings,https://doi.org/10.3886/icpsr04306.v1
"Federal Court Cases: Integrated Data Base Bankruptcy Petitions, 1994",Unknown,2005.0,ICPSR Data Holdings,https://doi.org/10.3886/icpsr04303
Data Management in Clinical Research,,2000.0,Statistical Methods for Clinical Trials,https://doi.org/10.1201/9781482270716-17
"Federal Court Cases: Integrated Data Base Bankruptcy Petitions, 2005",Unknown,2008.0,ICPSR Data Holdings,https://doi.org/10.3886/icpsr23080
"Federal Court Cases: Integrated Data Base Bankruptcy Petitions, 1996",Unknown,2005.0,ICPSR Data Holdings,https://doi.org/10.3886/icpsr04305
EXPLORING THE DATA,,2013.0,Research Design and Statistical Analysis,https://doi.org/10.4324/9780203726631-8
Comment on “The Federal Statistical System's Response to Emerging Data Needs” by Jack E. Triplett,Scheuren,1991.0,Journal of Economic and Social Measurement,https://doi.org/10.3233/jem-1991-173-406
"Advancing Data Science Among the Federal Public Health Workforce: The Data Science Upskilling Program, Centers for Disease Control and Prevention","Bertulfo, Kirkcaldy, Franzke, Papagari Sangareddy, Reza",2024.0,Journal of Public Health Management and Practice,https://doi.org/10.1097/phh.0000000000001865
Comment on “The Federal Statistical System's Response to Emerging Data Needs” by Jack E. Triplett,Singer,1991.0,Journal of Economic and Social Measurement,https://doi.org/10.3233/jem-1991-173-405
Appendix: Key Research and Innovation Data,,2009.0,Research and Innovation Policy,https://doi.org/10.3138/9781442697478-015
Source data 1. Statistical Data.,,,N/A,https://doi.org/10.7554/elife.47209.018
Data S1: Raw statistical data,,,N/A,https://doi.org/10.7717/peerj.2519/supp-3
Part Reliability Assessment in Data Centers,"Dai, Ohadi, Das, Pecht",2013.0,Optimum Cooling of Data Centers,https://doi.org/10.1007/978-1-4614-5602-5_7
Guidance. Requirements for Installing Renewable Fuel Pumps at Federal Fleet Fueling Centers under EISA Section 246,"none,",2011.0,N/A,https://doi.org/10.2172/1219150
"Collection of decorative cereals and sedges in the Stavropol Botanical Garden, current state and prospects","Unknown, Grechushkina-Sukhorukova",2020.0,Botanical Gardens as Centers for Study and Conservation of Phyto-Diversity,https://doi.org/10.17223/978-5-94621-956-3-2020-15
"Sequential analysis of statistical data: applications. (OSRD, 1945; Publ. Bd., No. 6711.).",Unknown,1946.0,PsycEXTRA Dataset,https://doi.org/10.1037/e410942004-001
Chi-Squared (X2) Statistical Test in R,"Okoye, Hosseini",2024.0,R Programming,https://doi.org/10.1007/978-981-97-3385-9_10
Using Convolutional Neural Network to Avoid Redundancy for Big Data at Data Centers,"Abhishek Bari, Unknown",2020.0,International Journal of Engineering Research and,https://doi.org/10.17577/ijertv9is070169
Cancer Center Support Grants for NCI‐designated Cancer Centers (NCI),,2019.0,Federal Grants &amp; Contracts,https://doi.org/10.1002/fgc.30763
An Experimental and Clinical Physiological Signal Dataset for Automated Pain Recognition,"Gouverneur, Badura, Li, Bieńkowska, Luebke, Adamczyk, Szikszay, Myśliwiec, Luedtke, Grzegorzek, Piętka",2024.0,Scientific Data,https://doi.org/10.1038/s41597-024-03878-w
"Federal Automotive Statistical Tool: Federal Vehicle Fleet Reporting Update (Combined FedFleet/FEVAR/INTERFUEL Meeting, November 2023) [Slides]","Stewart, Kallaje",2023.0,N/A,https://doi.org/10.2172/2298948
"Federal Automotive Statistical Tool: Updates to EVSE Reporting (Federal Electric Vehicle Agency Round-table, October 2023) [Slides]","Stewart, Kallaje",2023.0,N/A,https://doi.org/10.2172/2299508
Optimizing Data Centers for Sustainability: The Role of Serverless Fog Computing in Artificial Intelligence,Pal Singh,2024.0,International Journal of Science and Research (IJSR),https://doi.org/10.21275/sr24102041401
CoDA 2014 special issue: Exploring data‐focused research across the department of energy,Myers,2015.0,Statistical Analysis and Data Mining: The ASA Data Science Journal,https://doi.org/10.1002/sam.11297
A survey of research on greening data centers,"Cavdar, Alagoz",2012.0,2012 IEEE Global Communications Conference (GLOBECOM),https://doi.org/10.1109/glocom.2012.6503613
Principles and Practices for a Federal Statistical Agency,,2001.0,N/A,https://doi.org/10.17226/10057
Climate- and technology-specific PUE and WUE estimations for U.S. data centers using a hybrid statistical and thermodynamics-based approach,"Lei, Masanet",2022.0,"Resources, Conservation and Recycling",https://doi.org/10.1016/j.resconrec.2022.106323
Some Present Statistical Needs and the Statistical Work of the Federal Government,Gifford,1915.0,Publications of the American Statistical Association,https://doi.org/10.2307/2964990
Statistical Modelling for Health Insurance Data,"Navatha, V Hara Gopal",2022.0,International Journal of Science and Research (IJSR),https://doi.org/10.21275/sr221118184114
The optimization of statistical softwares in processing the medical data of health workers in public health centers,"Widianawati, Wulan, Pantiawati, Kusuma",2021.0,Community Empowerment,https://doi.org/10.31603/ce.5231
Principles and Practices for a Federal Statistical Agency,,2009.0,N/A,https://doi.org/10.17226/12564
Principles and Practices for a Federal Statistical Agency,,2005.0,N/A,https://doi.org/10.17226/11252
Optical Interconnects for Data Centers,,2017.0,N/A,https://doi.org/10.1016/c2014-0-04130-5
Using Field Tests to Evaluate Federal Statistical Survey Questionnaires,"Harris‐Kojetin, Dahlhamer",2011.0,Question Evaluation Methods,https://doi.org/10.1002/9781118037003.ch19
Analysis of the conceptions of teachers engaged in statistical learning projects,"Unknown, Giordano",2024.0,Proceedings of the IASE 2024 Roundtable Conference - Fostering Learning of Statistics and Data Science,https://doi.org/10.52041/iase2023.303
Modeling scenarios for mitigating outbreaks in congregate settings,"Blumberg, Lu, Kwan, Hoover, Lloyd-Smith, Sears, Bertozzi, Worden",2022.0,PLOS Computational Biology,https://doi.org/10.1371/journal.pcbi.1010308
On Optimizing the Energy Consumption of Urban Data Centers,"Voulkidis, Velivassaki, Zahariadis",2018.0,Hardware Accelerators in Data Centers,https://doi.org/10.1007/978-3-319-92792-3_12
Usage Patterns in Multi-tenant Data Centers: a Large-Case Field Study,"Birke, Chen, Smirni",2015.0,Handbook on Data Centers,https://doi.org/10.1007/978-1-4939-2092-1_43
N/A,,2014.0,Statistical Analysis and Data Mining,https://doi.org/10.1002/sam.2014.7.issue-3
"Data confidentiality, data quality and data integration for federal databases",Karr,2006.0,Proceedings of the 2006 national conference on Digital government research  - dg.o '06,https://doi.org/10.1145/1146598.1146688
Automated Interpretation of Impact Echo Data using Statistical Modeling and Machine Learning,"Unknown, Sengupta, Torlapati, Unknown, Azari, Unknown, Guler, Unknown, Shokouhi, Unknown",2022.0,ASNT 30th Research Symposium Conference Proceedings,https://doi.org/10.32548/rs.2022.028
Reliable Virtual Data Center Embedding Across Multiple Data Centers,"Sun, Bu, Anand, Chang, Liao",2016.0,Proceedings of the International Conference on Internet of Things and Big Data,https://doi.org/10.5220/0005842101950203
Water Use Data and Research Program (DOI),,2021.0,Federal Grants &amp; Contracts,https://doi.org/10.1002/fgc.31620
Multiple Imputation of Binary Multilevel Missing not at Random Data,"Hammon, Zinn",2020.0,Journal of the Royal Statistical Society Series C: Applied Statistics,https://doi.org/10.1111/rssc.12401
Comments On “The Federal Statistical System's Response To Emerging Data Needs” By Jack E. Triplett,Juster,1991.0,Journal of Economic and Social Measurement,https://doi.org/10.3233/jem-1991-173-404
Research Performance of Federal Research Centers: Is There Any Effect from Restructuring?,"Kosyakov, Blinov",2024.0,Scientific and Technical Information Processing,https://doi.org/10.3103/s0147688224010088
Swiss International Arbitral Awards Before the Federal Supreme Court Statistical Data 1989-2019,"Dasser, Wójtowicz",2021.0,ASA Bulletin,https://doi.org/10.54648/asab2021003
Supplemental Information 1: Statistical data and statistical methods,,,N/A,https://doi.org/10.7717/peerj.18424/supp-1
Expanding Federal Funding to Community Health Centers Slows Decline in Access for Low‐Income Adults,"McMorrow, Zuckerman",2013.0,Health Services Research,https://doi.org/10.1111/1475-6773.12141
Coherence of optically addressable spin centers created in hexagonal boron nitride by proton irradiation,"Unknown, Sadovnikova, Mamin, Unknown, Yusupov, Unknown, Kobchikova, Unknown, Murzakhanov, Unknown",2022.0,Magnetic resonance in solids,https://doi.org/10.26907/mrsej-22101
N/A,,2015.0,N/A,https://doi.org/10.3030/647423
- EXPERIMENTAL DATA ANALYSIS: ANOVA,,2014.0,Statistical Methods in Psychiatry Research and SPSS,https://doi.org/10.1201/b17560-15
R Programming,"Okoye, Hosseini",2024.0,N/A,https://doi.org/10.1007/978-981-97-3385-9
DATA MINING,,2021.0,Statistical Methods for Biomedical Research,https://doi.org/10.1142/9789811228872_0033
Figure 2—source data 1. Raw data and statistical data of Figure 2.,,,N/A,https://doi.org/10.7554/elife.21114.007
Centers for Innovation and Community Engagement in Solid Earth Geohazards (NSF),,2021.0,Federal Grants &amp; Contracts,https://doi.org/10.1002/fgc.32018
Centers for Innovation and Community Engagement in Solid Earth Geohazards (NSF),,2024.0,Federal Grants &amp; Contracts,https://doi.org/10.1002/fgc.33445
Data evaluation centers,,1983.0,Nuclear Data Sheets,https://doi.org/10.1016/s0090-3752(83)80095-7
Data evaluation centers,,1982.0,Nuclear Data Sheets,https://doi.org/10.1016/s0090-3752(82)80010-0
Big Data in cloud data centers,,2018.0,Big Data and Software Defined Networks,https://doi.org/10.1049/pbpc015e_ch8
Data evaluation centers,,1982.0,Nuclear Data Sheets,https://doi.org/10.1016/s0090-3752(82)80035-5
Data evaluation centers,,1982.0,Nuclear Data Sheets,https://doi.org/10.1016/s0090-3752(82)80057-4
Data evaluation centers,,1982.0,Nuclear Data Sheets,https://doi.org/10.1016/s0090-3752(82)80042-2
Data evaluation centers,,1982.0,Nuclear Data Sheets,https://doi.org/10.1016/s0090-3752(82)80017-3
LSAMP National Coordination Hub and Louis Stokes Community Resource Centers (NSF),,2022.0,Federal Grants &amp; Contracts,https://doi.org/10.1002/fgc.32374
Data evaluation centers,,1982.0,Nuclear Data Sheets,https://doi.org/10.1016/0090-3752(82)80024-0
Data evaluation centers,,1983.0,Nuclear Data Sheets,https://doi.org/10.1016/s0090-3752(83)80087-8
Most Federal health centers are not integrated in their community's emergency preparedness plans,,2008.0,PsycEXTRA Dataset,https://doi.org/10.1037/e504322010-018
Opportunities for Statistical Work in the Federal Government,Leonard,1945.0,Journal of the American Statistical Association,https://doi.org/10.2307/2280454
Data Centers and Data Bunkers,,2015.0,A Prehistory of the Cloud,https://doi.org/10.7551/mitpress/9979.003.0006
Selective and Private Access to Outsourced Data Centers,"De Capitani di Vimercati, Foresti, Livraga, Samarati",2015.0,Handbook on Data Centers,https://doi.org/10.1007/978-1-4939-2092-1_33
Optical Switching in Data Centers: Architectures Based on Optical Packet/Burst Switching,"Calabretta, Miao",2017.0,Optical Switching in Next Generation Data Centers,https://doi.org/10.1007/978-3-319-61052-8_3
Big Data funding to support research and curriculum,,2016.0,Federal Grants &amp; Contracts,https://doi.org/10.1002/fgc.30087
Functional Data Analysis: An Interdisciplinary Statistical Topic,,2011.0,Statistical Learning and Data Science,https://doi.org/10.1201/b11429-22
Energy Use in Data Centers Globally Through 2012,,2012.0,Business Continuity Planning for Data Centers and Systems,https://doi.org/10.1002/9780470428405.ch6
Data Protection for Virtual Data Centers,Buffington,2010.0,N/A,https://doi.org/10.1002/9781118255766
Cloud Storage over Multiple Data Centers,"Mu, Su, Gao, Wu, Li, Zomaya",2015.0,Handbook on Data Centers,https://doi.org/10.1007/978-1-4939-2092-1_24
N/A,,,N/A,https://doi.org/10.1117/12.2550781.6138753214001
Social Media Data and Users' Preferences: A Statistical Analysis to Support Marketing Communication,"Arrigo, Liberati, Mariani",2021.0,Big Data Research,https://doi.org/10.1016/j.bdr.2021.100189
Prostate Cancer Research Program Data Science Award (DOD),,2021.0,Federal Grants &amp; Contracts,https://doi.org/10.1002/fgc.31679
Summarizing Data: Descriptive Statistics,,2009.0,Statistical Methods for Practice and Research: A Guide to Data Analysis Using SPSS,https://doi.org/10.4135/9788132108306.n3
N(h) profile data at World Data Centers,"Allen, Conkright, Bilitza, Feldstein, Willis",1990.0,Advances in Space Research,https://doi.org/10.1016/0273-1177(90)90197-8
Correlation-Model-Based Reduction of Monitoring Data in Data Centers,"Peng, Pernici",2016.0,Proceedings of the 5th International Conference on Smart Cities and Green ICT Systems,https://doi.org/10.5220/0005794803950405
Statistical and Computational Needs for Big Data Challenges,Sedkaoui,2022.0,"Research Anthology on Big Data Analytics, Architectures, and Applications",https://doi.org/10.4018/978-1-6684-3662-2.ch030
INNOVATING SENIOR CENTERS THROUGH RESEARCH-INFORMED DATA AND POLICY ADVOCACY,,2015.0,The Gerontologist,https://doi.org/10.1093/geront/gnv446.03
Protecting Statistical and Research Data from Improper Use,Unknown,1979.0,"Censuses, Surveys and Privacy",https://doi.org/10.1007/978-1-349-16184-3_17
Ensuring Configuration Consistency Across Multi-Regional Data Centers,,2025.0,International Research Journal of Modernization in Engineering Technology and Science,https://doi.org/10.56726/irjmets67662
Demand-Side Flexibility and Supply-Side Management: The Use Case of Data Centers and Energy Utilities,"Basmadjian, Niedermeier, de Meer",2017.0,Service Science: Research and Innovations in the Service Economy,https://doi.org/10.1007/978-3-319-65082-1_9
Integrating Renewable Energy Sources into Cloud Computing Data Centers: Challenges and Solutions,"Satish, Meduri",2024.0,International Journal of Research Publication and Reviews,https://doi.org/10.55248/gengpi.5.0624.1443
"Shoulder arthroplasty—an analysis of data from the German Federal Statistical Office, 2010–2021","Aurich, Berthold, Theopold, Bittersohl, Fal, Krane, Kircher",2024.0,Deutsches Ärzteblatt international,https://doi.org/10.3238/arztebl.m2024.0154
Modified Support Vector Machine based Efficient Virtual Machine Consolidation Procedure for Cloud Data Centers,E.,2020.0,Journal of Advanced Research in Dynamical and Control Systems,https://doi.org/10.5373/jardcs/v12sp4/20201515
Local Centers of the Social Network,Huh,2011.0,Communications for Statistical Applications and Methods,https://doi.org/10.5351/ckss.2011.18.2.213
Facilitating Innovation in the Federal Statistical System,,2011.0,N/A,https://doi.org/10.17226/13168
TRANSPEDICULAR SCREW FIXATION OF THE CERVICAL SPINE: LITERATURE REVIEW AND CLINICAL DATA,"Unknown, Aleynik, Mlyavykh, Unknown, Bokov, Unknown",2017.0,Hirurgiâ pozvonočnika,https://doi.org/10.14531/ss2017.3.47-53
Statistical Analysis of Data Repeatability Measures,"Wang, Bridgeford, Wang, Vogelstein, Caffo",2024.0,International Statistical Review,https://doi.org/10.1111/insr.12591
Statistical interpretation of data,,,N/A,https://doi.org/10.3403/30242634
Statistical interpretation of data,,,N/A,https://doi.org/10.3403/03267925
Statistical interpretation of data,,,N/A,https://doi.org/10.3403/03267925u
Figure 1: Wildlife rehabilitation centers contributing hummingbird rehabilitation data.,,,N/A,https://doi.org/10.7717/peerj.11131/fig-1
Multiplicity Problems in the Clinical Trial and Some Statistical Approaches,Hirotsu,2002.0,Recent Advances in Statistical Research and Data Analysis,https://doi.org/10.1007/978-4-431-68544-9_1
Privacy in Data Centers: A Survey of Attacks and Countermeasures,"García Villalba, Silva Trujillo, Portela",2015.0,Handbook on Data Centers,https://doi.org/10.1007/978-1-4939-2092-1_34
Cloud Data Centers and Cost Modeling,,2015.0,N/A,https://doi.org/10.1016/c2013-0-23202-5
Workshop on Statistical Uses of Microcomputers in Federal Agencies,Teitel,1990.0,Journal of the American Statistical Association,https://doi.org/10.2307/2289827
Techniques to Achieve Energy Proportionality in Data Centers: A Survey,"Pore, Abbasi, Gupta, Varsamopoulos",2015.0,Handbook on Data Centers,https://doi.org/10.1007/978-1-4939-2092-1_4
Modeling centers network—Improving evidence base for influenza prevention and control (CDC),,2019.0,Federal Grants &amp; Contracts,https://doi.org/10.1002/fgc.30658
Statistical analysis of univariate data,"Meloun, Militký",2011.0,Statistical Data Analysis,https://doi.org/10.1533/9780857097200.73
In Search of the Missing Link: Examining Contextual Variation in Federal Charge Bargains across U.S. District Courts,Johnson,2018.0,Justice Quarterly,https://doi.org/10.1080/07418825.2018.1523447
Statistical Modeling,,2018.0,Quantitative and Statistical Data in Education,https://doi.org/10.1002/9781119451457.ch5
Research designs and data,,2008.0,Statistical Modelling for Social Researchers,https://doi.org/10.4324/9780203929483-6
Robustness properties of a sequential test for vaccine safety in the presence of misspecification,"Franks, Sandhu, Avagyan, Lu, Hong, Garcia, Worrall, Kelman, Ball, MaCurdy",2014.0,Statistical Analysis and Data Mining: The ASA Data Science Journal,https://doi.org/10.1002/sam.11234
Data and research studies,Aitkin,2022.0,Introduction to Statistical Modelling and Inference,https://doi.org/10.1201/9781003216025-3
Describing Data,,2002.0,Statistical Methods in Medical Research,https://doi.org/10.1002/9780470773666.ch2
Statistical Data Analysis,,2006.0,"An Introduction to Scientific Research Methods in
                    Geography",https://doi.org/10.4135/9781452225814.n9
Making the Maturity of Data and Metadata Visible with Datacite DOIs,"Kaiser, Heydebreck, Ganske, Kraft",2020.0,N/A,https://doi.org/10.1002/essoar.10504947.1
GAO Report: Administrative Problems at Federal TBI Centers of Excellence,Samson,2011.0,Neurology Today,https://doi.org/10.1097/01.nt.0000397964.57880.83
"Statistical Science, Statistical Data Modeling, and Statistical Education.",Parzen,1979.0,N/A,https://doi.org/10.21236/ada067772
Research Grant for Vision‐Related Secondary Data Analysis (NEI),,2019.0,Federal Grants &amp; Contracts,https://doi.org/10.1002/fgc.30454
Statistical Data Analysis,,2012.0,"Introduction to Educational Research: A Critical Thinking
                    Approach",https://doi.org/10.4135/9781483384443.n13
How to Conduct Research with Statistical Data Using Colonial Blue Books,Rommelspacher,2024.0,N/A,https://doi.org/10.47594/rmps_0344_ht
- RUNNING DATA ANALYSIS USING SPSS,,2014.0,Statistical Methods in Psychiatry Research and SPSS,https://doi.org/10.1201/b17560-27
Data S1: Data used in statistical analyses,,,N/A,https://doi.org/10.7717/peerj.9791/supp-1
"COVID-19 Federal Funding To Health Centers: Tracking Distribution, Locations, And Patient Characteristics","Cole, Wright, Kett, Johnson, Staloff, Frogner",2024.0,Health Affairs,https://doi.org/10.1377/hlthaff.2024.00018
Application of Tukey's Test for Statistical Measurement of Percentage Indexes Derived from the Difference Between Predicted Crystallographic Data in Five Nitihf Alloys Obtained by Two Processes,"Roniere Leite Soares, Walman Benicio De Castro, Unknown",2020.0,International Journal of Engineering Research and,https://doi.org/10.17577/ijertv9is030118
Front Matter,,2010.0,Data Protection for Virtual Data Centers,https://doi.org/10.1002/9781118255766.fmatter
Data S1: Raw data for statistical analysis,,,N/A,https://doi.org/10.7717/peerj.5524/supp-6
Data S1: Raw data before statistical processing,,,N/A,https://doi.org/10.7717/peerj.8721/supp-1
Data S1: Raw data for statistical purposes,,,N/A,https://doi.org/10.7717/peerj.13809/supp-1
Data S1: Raw data and statistical analysis,,,N/A,https://doi.org/10.7717/peerj.3276/supp-1
Data S2: Row data for statistical analysis,,,N/A,https://doi.org/10.7717/peerj.6279/supp-3
Federal Big Data Analytics in the Health Domain,"Kuiler, McNeely",2018.0,Federal Data Science,https://doi.org/10.1016/b978-0-12-812443-7.00010-7
European club of centers for lipid research,,1972.0,Journal of the American Oil Chemists' Society,https://doi.org/10.1007/bf02628903
Advanced Data Handling in SPSS,,2009.0,Statistical Methods for Practice and Research: A Guide to Data Analysis Using SPSS,https://doi.org/10.4135/9788132108306.n11
Geometric Data Analysis in a Social Science Research Program: The Case of Bourdieu’s Sociology,,2011.0,Statistical Learning and Data Science,https://doi.org/10.1201/b11429-12
Data center architectures,DeCusatis,2017.0,Optical Interconnects for Data Centers,https://doi.org/10.1016/b978-0-08-100512-5.00001-2
Pulmonary embolism in young males and females in Germany: data from the federal statistical office,"Moysidis, Kröger, Moerchel, Santosa, Gröchenig",2010.0,Blood Coagulation &amp; Fibrinolysis,https://doi.org/10.1097/mbc.0b013e328339cc49
COMPOSITIONAL STATISTICAL MODELS UNDER A BAYESIAN APPROACH: AN APPLICATION TO TRAFFIC ACCIDENT DATA IN FEDERAL HIGHWAYS IN BRAZIL,"Oliveira, Achcar",2020.0,Pesquisa Operacional,https://doi.org/10.1590/0101-7438.2020.040.00230462
Amputations in PAD patients: Data from the German Federal Statistical Office,"Gutacker, Neumann, Santosa, Moysidis, Kröger",2009.0,Vascular Medicine,https://doi.org/10.1177/1358863x09346658
Estimates of Federal ownership of undiscovered oil and gas resources by province; statistical background data for U.S. Geological Survey Circular 860,"Varnes, Dolton",1982.0,Open-File Report,https://doi.org/10.3133/ofr82666b
"Community Health Centers, <scp>COVID</scp>‐19, and Potential Vulnerability to Lapses in Federal Funding","Tevis, Myong, Fung",2021.0,Health Services Research,https://doi.org/10.1111/1475-6773.13831
World Data Centers for International Geophysical Year,Unknown,1957.0,Journal of Geophysical Research,https://doi.org/10.1029/jz062i002p00331-01
IGY data centers in the United States,Unknown,1957.0,Journal of Geophysical Research,https://doi.org/10.1029/jz062i003p00497-01
Research on Water Use Strategies for Hyperscale Data Centers,,2024.0,Academic Journal of Architecture and Geotechnical Engineering,https://doi.org/10.25236/ajage.2024.060208
Avalanches and generalized memory associativity in a network model for conscious and unconscious mental functioning,"Siddiqui, Wedemann, Jensen",2018.0,Physica A: Statistical Mechanics and its Applications,https://doi.org/10.1016/j.physa.2017.08.011
Algorithm of approximate search for the nearest digital array in a hierarchical data set,"Lange, Unknown, Ganebnykh, Unknown, Lange, Unknown",2016.0,Machine Learning and Data Analysis,https://doi.org/10.21469/22233792.2.1.01
Distance-based analysis of variance: Approximate inference,"Minas, Montana",2014.0,Statistical Analysis and Data Mining: The ASA Data Science Journal,https://doi.org/10.1002/sam.11227
Federal Longitudinal Surveys.,Pearson,1987.0,Journal of the American Statistical Association,https://doi.org/10.2307/2289484
How the Statistical Output of Federal Bureaus Might Be Improved,Mitchell,1915.0,Publications of the American Statistical Association,https://doi.org/10.2307/2964986
Modern Statistical Modeling in Machine Learning and Big Data Analytics,Ramezani,2020.0,Advances in Data Mining and Database Management,https://doi.org/10.4018/978-1-7998-0106-1.ch007
Adaptative Network Topology for Data Centers,"Chkirbene, Foufou, Hamila",2016.0,Qatar Foundation Annual Research Conference Proceedings Volume 2016 Issue 1,https://doi.org/10.5339/qfarc.2016.ictsp3072
Data Centers for Physical Research,"Dumsky, Isaev",2015.0,Physics Procedia,https://doi.org/10.1016/j.phpro.2015.08.330
"Heat transfer in data centers, volume II",,2023.0,Frontiers Research Topics,https://doi.org/10.3389/978-2-83250-748-3
Network Aware VM Migration in Cloud Data Centers,"Maziku, Shetty",2014.0,2014 Third GENI Research and Educational Experiment Workshop,https://doi.org/10.1109/gree.2014.18
Sequential Analysis of Statistical Data: Applications.,"Cochran, Group",1946.0,The American Mathematical Monthly,https://doi.org/10.2307/2306247
Interdisciplinary Data Workshops: Combining Statistical Consultancy Training with Practitioner Data Literacy,"Parsons, Stern, Szendrői, Dávid-Barrett",2023.0,Advances in Mathematics Education,https://doi.org/10.1007/978-3-031-29459-4_19
Energy-efficient Task Scheduling in Data Centers,"Mhedheb, Streit",2016.0,Proceedings of the 6th International Conference on Cloud Computing and Services Science,https://doi.org/10.5220/0005880802730282
"Centers for Medicare and Medicaid Services: 7500 Security Blvd., Baltimore, MD
                    21244: Internet:",,2014.0,"Federal Regulatory Directory: The Essential Guide to the History,
                    Organization, and Impact of U.S. Federal Regulation",https://doi.org/10.4135/9781452283210.n58
Statistical Pitfalls: Problems with the Statistical Representation of Fieldwork Data from Social Research,Okeke,2014.0,Mediterranean Journal of Social Sciences,https://doi.org/10.5901/mjss.2014.v5n20p1448
Data S1: Raw data and statistical analyses of weight data,,,N/A,https://doi.org/10.7717/peerj.3064/supp-1
National Coordinating Center for the George M. O'Brien Kidney National Resource Centers (NIDDK),,2022.0,Federal Grants &amp; Contracts,https://doi.org/10.1002/fgc.32496
Institutes for data‐intensive research in science and engineering (NSF),,2020.0,Federal Grants &amp; Contracts,https://doi.org/10.1002/fgc.31395
Archived data and specimen collections—Advancing HIV/AIDS research (NICHD),,2019.0,Federal Grants &amp; Contracts,https://doi.org/10.1002/fgc.30665
Federal Corporation Statistics,Durand,1930.0,Journal of the American Statistical Association,https://doi.org/10.2307/2277192
"Centers for Medicare and Medicaid Services: 7500 Security Blvd., Baltimore, MD
                    21244: Internet:",,2016.0,"Federal Regulatory Directory: The Essential Guide to the History,
                    Organization, and Impact of U.S. Federal Regulation",https://doi.org/10.4135/9781483384757.n60
Nita M. Lowey 21st Century Community Learning Centers National Technical Assistance Center (ED),,2023.0,Federal Grants &amp; Contracts,https://doi.org/10.1002/fgc.32970
Mathematical and Statistical Sciences (NSF),,2022.0,Federal Grants &amp; Contracts,https://doi.org/10.1002/fgc.32507
MULTI-SAMPLE FUNCTIONAL STATISTICAL DATA ANALYSIS,Parzen,1989.0,Statistical Data Analysis and Inference,https://doi.org/10.1016/b978-0-444-88029-1.50012-5
NEW APPROACHES TO STATISTICAL DATA EXCHANGE,"Unknown, Gulamov, Shermukhamedov, Unknown",2023.0,Theoretical &amp; Applied Science,https://doi.org/10.15863/tas.2023.10.126.21
"Toxoplasmosis Frequency in Pregnant Women Attending Regional Health Centers in the City of Samambaia of the Federal District, Brazil",Machado,2018.0,Biomedical Journal of Scientific &amp; Technical Research,https://doi.org/10.26717/bjstr.2018.12.002245
Advanced Vehicle Miles Traveled Estimation Methods for Non-Federal Aid System Roadways Using GPS Vehicle Trajectory Data and Statistical Power Analysis,"Nasri, Zhang, Fan, Stewart, Younes, Fu, Jessberger",2019.0,Transportation Research Record: Journal of the Transportation Research Board,https://doi.org/10.1177/0361198119850790
Statistical analysis of experimental data on titration of metal centers in respiratory complex I,"Medvedev, Couch, Stuchebrukhov",2010.0,Biochimica et Biophysica Acta (BBA) - Bioenergetics,https://doi.org/10.1016/j.bbabio.2010.04.089
Federal Statistics,Duncan,2004.0,Encyclopedia of Statistical Sciences,https://doi.org/10.1002/0471667196.ess0770
Statistical Methods for Data Compression,Andersson,2021.0,Statistical Analysis with Swift,https://doi.org/10.1007/978-1-4842-7765-2_6
"Federal Deposit Insurance Corporation Data on Banks in the United States, 1920-1936",Unknown,1984.0,ICPSR Data Holdings,https://doi.org/10.3886/icpsr00007
Data Reduction: Analysing and Interpreting Statistical Data,"Vavra, Ehrenberg",1977.0,Journal of Marketing Research,https://doi.org/10.2307/3151076
Missing Data Imputation: A Practical Guide,Raheem,2023.0,Statistical Approaches for Epidemiology,https://doi.org/10.1007/978-3-031-41784-9_18
Copyright,,2017.0,Optical Interconnects for Data Centers,https://doi.org/10.1016/b978-0-08-100512-5.00017-6
CoolCloud: improving energy efficiency in virtualized data centers,Zhang,,N/A,https://doi.org/10.31274/etd-180810-4813
"Federal Deposit Insurance Corporation Data on Banks in the United States, 1920-1936",Unknown,1984.0,ICPSR Data Holdings,https://doi.org/10.3886/icpsr00007.v1
Statistical investigation of hourly OMNI solar wind data,"Thatcher, Müller",2011.0,Journal of Geophysical Research: Space Physics,https://doi.org/10.1029/2011ja017027
75 Years of the Historic Partnership Between the VA and Academic Medical Centers,Birnbaum,2022.0,Federal Practitioner,https://doi.org/10.12788/fp.0311
How We Got Here: History of Data Centers and Current Choices,,2012.0,Business Continuity Planning for Data Centers and Systems,https://doi.org/10.1002/9780470428405.ch1
Two-Phase On-Chip Cooling Systems for Green Data Centers,"Thome, Marcinichen, Olivier",2012.0,Energy Efficient Thermal Management of Data Centers,https://doi.org/10.1007/978-1-4419-7124-1_12
DATA CENTERS,,1988.0,Neutron Cross Sections,https://doi.org/10.1016/b978-0-12-484220-5.50013-7
СУПЕРКОМПЬЮТЕРЫ - ГОНКА ВЫЧИСЛИТЕЛЬНЫХ ТЕХНОЛОГИЙ,А.А.,2018.0,Цифровая экономика,https://doi.org/10.34706/de-2018-03-06
The analysis of data from on-farm research network: Statistical approaches to test the efficacy of management practices and data visualization,Laurent,,N/A,https://doi.org/10.31274/etd-20210609-97
Example Research Context &amp; Quantitative Data Set,Cooksey,2020.0,Illustrating Statistical Procedures: Finding Meaning in Quantitative Data,https://doi.org/10.1007/978-981-15-2537-7_4
Modelling Categorical Data,,2002.0,Statistical Methods in Medical Research,https://doi.org/10.1002/9780470773666.ch14
Data Analysis and Presentation using Statistical Techniques,Greening,2019.0,Scientific Research Journal,https://doi.org/10.31364/scirj/v7.i9.2019.p0919692
Thermal Modeling and Management of Storage Systems in Data Centers,"Jiang, Zhang, Qin, Qiu, Jiang, Zhang",2015.0,Handbook on Data Centers,https://doi.org/10.1007/978-1-4939-2092-1_30
SOFTWARE OF RESEARCH IN STATISTICAL DATA ANALYSIS,,2020.0,Systems and Means of Informatics,https://doi.org/10.14357/08696527200401
Statistical Inference from Experimental Data,Srinagesh,2006.0,The Principles of Experimental Research,https://doi.org/10.1016/b978-075067926-8/50019-4
Data from: Statistical significance for maximally persistent topological features via the Gumbel distribution,"Ciocanel, McKinley",2022.0,"Research Data Repository, Duke University",https://doi.org/10.7924/r48k7ft9j
Transferring Data Files Between Microcomputer Statistical Packages,TURLEY,1989.0,Nursing Research,https://doi.org/10.1097/00006199-198909000-00025
Missing Data Estimation in Developmental Research,"ROVINE, DELANEY",1990.0,Statistical Methods in Longitudinal Research,https://doi.org/10.1016/b978-0-12-724960-5.50007-x
A Review on Edge to Cloud: Paradigm Shift from Large Data Centers to Small Centers of Data Everywhere,"uddin, Ahmad",2020.0,2020 International Conference on Inventive Computation Technologies (ICICT),https://doi.org/10.1109/icict48043.2020.9112457
Modelling Continuous Data,,2002.0,Statistical Methods in Medical Research,https://doi.org/10.1002/9780470773666.ch11
Supplemental Information 1: Raw data and statistical data.,,,N/A,https://doi.org/10.7717/peerj.14208/supp-1
Data S1: Raw data used for statistical analysis,,,N/A,https://doi.org/10.7717/peerj.14264/supp-1
Index,,2010.0,Data Protection for Virtual Data Centers,https://doi.org/10.1002/9781118255766.index
Data S1: All data used for statistical analyses,,,N/A,https://doi.org/10.7717/peerj.5558/supp-2
Data S1: Raw data for the statistical analysis,,,N/A,https://doi.org/10.7717/peerj.2553/supp-1
Virtualization,,2010.0,Data Protection for Virtual Data Centers,https://doi.org/10.1002/9781118255766.ch9
"Study of Statistical Characteristics of GB-speckles, Forming at Scattering of Light on Virtual Structures of Nucleotide Gene Sequences of Enterobacteria","Unknown, Ulyanov, Feodorova, Unknown, Ulianova, Unknown, Zaitsev, Unknown, Khizhnyakova, Unknown, Saltykov, Unknown, Filonova, Unknown, Subbotina, Unknown, Lyapina, Unknown",2018.0,Izvestiya of Saratov University. New Series. Series: Physics,https://doi.org/10.18500/1817-3020-2018-18-2-123-137
N/A,,2021.0,N/A,https://doi.org/10.3030/101019498
Data Analysis III:Choosing Statistical Tests,Karkee,2017.0,Quantitative Research Methods in Health Sciences,https://doi.org/10.5005/jp/books/13021_16
Key Technologies for Next-Generation Digital RoF Mobile Fronthaul With Statistical Data Compression and Multiband Modulation,"Xu, Lu, Wang, Cheng, Guidotti, Chang",2017.0,Journal of Lightwave Technology,https://doi.org/10.1109/jlt.2017.2715003
Sampling Statistical Errors in Big Data Research: 3 Cases of Breast Cancer Research,"Cho, Jeong",2021.0,N/A,https://doi.org/10.1101/2021.10.07.21264601
Provider Perceptions of Opioid Safety Measures in VHA Emergency Departments and Urgent Care Centers,Dieujuste,2021.0,Federal Practitioner,https://doi.org/10.12788/fp.0179
Some Present Statistical Needs and the Statistical Work of the Federal Government,Gifford,1915.0,Quarterly Publications of the American Statistical Association,https://doi.org/10.1080/15225445.1915.10503637
US Federal Data Policy: An Update on The Federal Data Strategy and The Evidence Act,O’Hara,2020.0,International Journal of Population Data Science,https://doi.org/10.23889/ijpds.v5i5.1640
Figure 4—source data 1. Raw data and statistical data of Figure 4.,,,N/A,https://doi.org/10.7554/elife.21114.012
Statistical Measures of Experimental Data,,2004.0,Statistical Treatment of Analytical Data,https://doi.org/10.1002/9781444305357.ch2
Statistical Modeling in Biomedical Research: Longitudinal Data Analysis,"Xiong, Zhu, Yu, Miller",2011.0,Essential Statistical Methods for Medical Statistics,https://doi.org/10.1016/b978-0-444-53737-9.50011-6
GAZIN1-ZPXASYSB1-X-Y/INSB HETEROSTRUCTURES FOR THERMOPHOTOVOLTAIC CONVERTERS,"Unknown, LUNINA, LUNIN, Unknown, Unknown, PASHCHENKO, Unknown, Unknown, DONSKAYA, Unknown, STOLYAROV, Unknown",2023.0,Ecological Bulletin of Research Centers of the Black Sea Economic Cooperation,https://doi.org/10.31429/vestnik-20-2-63-69
Methods of individual selection of plants during the introduction,"Unknown, Demidova",2020.0,Botanical Gardens as Centers for Study and Conservation of Phyto-Diversity,https://doi.org/10.17223/978-5-94621-956-3-2020-18
Transition Models for Analyzing Longitudinal Data with Bivariate Mixed Ordinal and Nominal Responses,"Rezaei Ghahroodi, Unknown, Ganjali, Unknown, Harandi, Unknown",2008.0,Journal of Statistical Research of Iran,https://doi.org/10.18869/acadpub.jsri.5.1.75
Federal Data Science,,2018.0,N/A,https://doi.org/10.1016/c2016-0-03293-x
Data Protection by the Numbers,,2010.0,Data Protection for Virtual Data Centers,https://doi.org/10.1002/9781118255766.ch2
A suggested statistical test for measuring bivariate nonlinear dependence,"Matsushita, Figueiredo, Da Silva",2012.0,Physica A: Statistical Mechanics and its Applications,https://doi.org/10.1016/j.physa.2012.05.053
The Layers of Data Protection,,2010.0,Data Protection for Virtual Data Centers,https://doi.org/10.1002/9781118255766.ch3
IaaS Cloud Architecture Distributed Cloud Infrastructures and Virtualized Data centers,,2023.0,International Research Journal of Modernization in Engineering Technology and Science,https://doi.org/10.56726/irjmets43486
Comments on the article by I.G. Zenkevich «Calculation of average chronological values – an undeservedly neglected method of statistical data processing»,"Unknown, Pomerantsev",2023.0,Аналитика и контроль,https://doi.org/10.15826/analitika.2023.27.1.006
Editing Statistical Data,Naus,2004.0,Encyclopedia of Statistical Sciences,https://doi.org/10.1002/0471667196.ess0536
Bucket Fuser: Statistical Signal Extraction for 1D 1H NMR Metabolomic Data,"Altenbuchinger, Berndt, Kosch, Lang, Dönitz, Oefner, Gronwald, Zacharias, Unknown",2022.0,Metabolites,https://doi.org/10.3390/metabo12090812
Influence of structural features of fullerene-containing material deposited from solution on its resistive properties,"Mazinov, Unknown, Gurchenko, Tyutyunik, Shevchenko, Unknown, Unknown, Unknown",2018.0,Ecological Bulletin of Research Centers of the Black Sea Economic Cooperation,https://doi.org/10.31429/vestnik-15-4-85-92
"The construction of data to reflect the research objective, and how randomisation tests make such data usable","Hutchinson, Cairns, Chekaluk",2002.0,Statistical Papers,https://doi.org/10.1007/s00362-002-0109-8
Feasibility Considerations on an Inkjet-Printed Capacitive Position Sensor for Electrostatically Actuated Resonant MEMS-Mirror Systems,"Faller, Zangl",2017.0,Journal of Microelectromechanical Systems,https://doi.org/10.1109/jmems.2017.2672039
Proposed Cooperative Institute for Earth System Research and Data Science (DOC),,2021.0,Federal Grants &amp; Contracts,https://doi.org/10.1002/fgc.32116
Measured-Temperature Interpolation and Visualization for Data Centers,"Zhang, Healey, Sheffer, VanGilder",2013.0,Volume 2: Thermal Management; Data Centers and Energy Efficient Electronic Systems,https://doi.org/10.1115/ipack2013-73081
Editorial,Madigan,2014.0,Statistical Analysis and Data Mining: The ASA Data Science Journal,https://doi.org/10.1002/sam.11257
Comments on “visualizing statistical models”: Visualizing modern statistical methods for Big Data,"Allen, Campbell, Hu",2015.0,Statistical Analysis and Data Mining: The ASA Data Science Journal,https://doi.org/10.1002/sam.11272
The Federal Rules of Evidence,,2012.0,A Statistical Guide for the Ethically Perplexed,https://doi.org/10.1201/b13103-24
Statistical Data Compression,,,SpringerReference,https://doi.org/10.1007/springerreference_57918
Statistical interpretation of data,,,N/A,https://doi.org/10.3403/bsiso16269
